{"cameraMode":{"drawMode":0,"name":"Shaded","section":"Shading Mode"},"sceneLighting":true,"audioPlay":false,"sceneViewState":{"m_AlwaysRefresh":false,"showFog":false,"showSkybox":true,"showFlares":false,"showImageEffects":false,"showParticleSystems":false,"showVisualEffectGraphs":true,"m_FxEnabled":true},"in2DMode":false,"pivot":{"x":-122.8301010131836,"y":-26.96041488647461,"z":196.50277709960938},"rotation":{"x":0.10508798807859421,"y":-0.27289867401123049,"z":0.030048493295907975,"w":0.9559521079063416},"size":132.72842407226563,"orthographic":false}