{"cameraMode":{"drawMode":0,"name":"Shaded","section":"Shading Mode"},"sceneLighting":true,"audioPlay":false,"sceneViewState":{"m_AlwaysRefresh":false,"showFog":false,"showSkybox":true,"showFlares":false,"showImageEffects":false,"showParticleSystems":false,"showVisualEffectGraphs":true,"m_FxEnabled":true},"in2DMode":false,"pivot":{"x":4.723077774047852,"y":-2.7199811935424806,"z":10.18189525604248},"rotation":{"x":-0.25078776478767397,"y":-0.009879081510007382,"z":0.0025487656239420177,"w":-0.9680150747299194},"size":16.499570846557618,"orthographic":false}