{"cameraMode":{"drawMode":0,"name":"Shaded","section":"Shading Mode"},"sceneLighting":true,"audioPlay":false,"sceneViewState":{"m_AlwaysRefresh":false,"showFog":false,"showSkybox":true,"showFlares":false,"showImageEffects":false,"showParticleSystems":false,"showVisualEffectGraphs":true,"m_FxEnabled":true},"in2DMode":false,"pivot":{"x":643.9188842773438,"y":170.4479522705078,"z":175.0301513671875},"rotation":{"x":-0.12715552747249604,"y":0.004758644383400679,"z":-0.0006051832460798323,"w":-0.9918864369392395},"size":487.9358825683594,"orthographic":false}